{"sizes": [9, 18, 18, 2], "weights": [[[2.117481618270457, 0.29550323726396627, -0.22620862159919045, -0.008381431582486436, -2.3395293780595448, -0.5232904328931951, 0.15368717164506776, -0.012504342978619307, 5.410579497010431], [1.2084096088837266, -0.5770567667104243, 0.17425322788291525, -0.3343878283999791, -1.2862984376293358, 0.4224206255694787, -0.41754354997106086, 0.23938994188055937, 0.8757498410012525], [0.1970338883666202, 0.04505826927927221, -0.121244981408822, -0.008128303300727715, -0.10724154192365243, -0.05620949536381226, -0.16423090832204826, -0.1788161420027044, 0.15937654601433365], [-0.3139870536779906, -0.7393933106666727, -0.273640002018704, -0.1665008268055255, 0.08685887514889812, 0.5476549972060493, 0.11629053174396713, 0.6218926438033796, 3.5708980786070277], [-0.13701574277583498, -1.7320606174994186, -0.08697985545351102, -0.02172127487934141, 0.14573937705739087, -0.5964410932007324, -0.008402032042716986, 0.11803790978574251, -12.232135367319698], [-0.005518519290075804, -1.0542505588282423, -0.05021976438239685, -0.015678138999403974, -0.11013579495729288, 1.4197745621010345, 0.037209389535834844, -0.01585532391054491, -16.78010564843854], [0.14550641075124016, -0.19408867908454852, -0.22085528402480448, -0.7744082041684435, 0.154895463043791, 0.18758576800333804, -0.13759875978765687, -0.02133412146772468, 3.8776631484974606], [-0.04379072695776107, -1.9094534937890602, 0.004696806165391169, 0.1298262244895223, 0.016583585476714145, 1.7401033558560473, 0.06277415444179853, -0.10646048560246893, 8.352689189964039], [-0.0598847318727898, -0.21990565545233237, -0.03210179922111309, -0.161024227529627, 0.18924172013775928, 0.12904360414195262, -0.05714561044465015, -0.017514721738371746, 11.776056989221646], [-0.040660412541906846, 0.6824061262958278, -0.10771460866004302, 2.767894602303259, 0.12435150260964768, -0.7337553835193366, 0.08303813374494927, -2.692405995215679, 0.06464441112461698], [1.8274091999210733, -0.20617029078544796, 0.17028188469121514, 0.2210519774864022, -1.8162705794730336, -0.08389566637287443, -0.20379778552871008, -0.35469122927146385, 0.7184979086543583], [-0.45210477338213, 0.07863079006458931, -0.07802756970660565, -0.07817813978619276, -0.42713810308335526, 0.3869276757008672, -0.01801712434498649, 0.14136195994932288, 0.15023384120035868], [-0.15374283644754266, -0.3426892040191991, 2.3112313983655057, 0.09038754195177795, 0.11045122300342922, 0.1578359975069553, -2.3441265296106155, -0.1325971656458889, 0.292963905957406], [0.25423840314223833, 0.3339652143258839, -0.42651589651801497, -0.09033755126631096, -0.15572294381364452, -0.2433587616264106, -0.08494996697817837, -0.13841373474016275, -0.06006079528702408], [0.1928703442578926, 0.050720939380639804, -0.18227472938345216, -0.12063747452931828, 0.32611564623514877, 0.41959290006313615, -0.07136721876306767, 0.3140370682284781, -2.5388425893183504], [0.025819658513631816, -0.34512169210959176, 0.026259676267076128, 0.07084651387262451, -0.025568134253936895, 0.550695958330838, 0.016113832620966405, -0.018613485140576553, -5.297881352343858], [0.1496052512727413, 0.03503049386428317, -0.2379847372243241, 0.05765882853812957, -0.06261379557811551, -0.2764142426763634, -0.3761098732198901, -0.31458337279349863, -0.17350418451424168], [-0.2952588119199911, 0.23130339442060585, 0.8707556960320273, -0.32968564434913344, 0.38925067263505414, -0.2717361010281366, -0.9517495574374975, 0.21087618495877933, 0.5815687950307481]], [[-0.23050600244729205, -0.31563844377036265, -0.07257811086913309, -0.16094428672407857, 1.139157576927433, 1.330944053064846, -0.29785329179104525, -0.5334933841047517, -0.7370879852097203, -0.7553960475595399, -0.2276101997424227, 0.11955719055593814, -0.787369227648039, 0.11326996920182514, 0.315262666726229, 0.5855615191577103, 0.15849743825291557, -0.09299782971889746], [0.3776722233867729, 0.2688754987089142, 0.10311618125761973, 0.29116938735494313, -0.40527773940312045, -0.3468040671557803, 0.15165600163547396, 0.3007901817360212, 0.6712780068365802, 0.7729121262849642, 0.26831133872409607, -0.04863838598360889, 0.37509276098524424, 0.3882081909651409, -0.016818837773014794, -0.2570435703694677, -0.22944164429699548, 0.08724700784028497], [0.2197328947319302, 0.019243591086065368, -0.02970992170525768, 0.21327188962686383, -0.22816881117484206, -0.7501811042528647, 0.33906253166280176, 0.16181644278838717, 0.31978733784267815, -0.13002445864690673, -0.159265681431043, 0.06392152375950703, -0.10232194846928416, -0.11850976189685185, 0.05057351743776725, -0.43523063891521746, 0.16292306768142858, 0.06357153075415808], [-0.15759495837996143, -0.03375348239856068, -0.027554820346151636, 0.06424822259125357, -0.02145386645893022, -0.06245808325660612, -0.026655591562161282, 0.029124079846832015, -0.010967981756959639, 0.056975439663883375, 0.01547568310721226, 0.028648445262066446, -0.1498954190803808, 0.02653556143485619, 0.0886140836542153, -0.2293721521091957, 0.035164672530647874, -0.01904525857109123], [0.7500764644132332, 0.49416896513752256, -0.18984113849594414, -0.18304056866377852, -0.1374247631039364, 0.2387546461417487, -0.2620092690287917, 0.07015463618547634, -0.14749479723080286, 1.4774741276330767, 0.9818590574699374, -0.4606912414949285, 1.5542269111716136, 0.17680116747244798, -0.12863399479488719, -0.1251569714550453, 0.0685890085051278, 0.8648277058835022], [-0.09160568109776018, -0.24129667900847573, 0.09374531220678715, 0.11961991857248265, 0.006203002089824542, 0.10557721156980568, -0.11740795061715287, 0.19554521664824742, -0.16474360502779434, 0.03232249282527717, -0.018237846232233318, -0.14190606294955352, 0.0647820518632891, -0.25476226499177396, -0.1273027881465909, -0.014320184508235103, 0.0772523395063223, 0.03709620313981018], [0.6542253572043419, 0.6369153746776312, 0.11781431746218614, -0.27747560013697115, 0.001087851505403581, 0.23818190212403909, -0.16238958691298228, -0.03033086940962901, -0.3180001016723127, 0.9437352539848828, 0.7634170040763938, -0.21905033112428826, 0.7814446251751653, -0.09378857031315098, -0.07227002093029997, 0.055724198627794146, 0.08530899541707904, 0.45453634517202796], [-0.05919658915240814, -0.08772678251668053, 0.17033375004599655, -0.1364139384390611, 0.14299488565768576, 0.34093349277466856, 0.20916818539930532, -0.13763079029125613, -0.18599638243660885, -0.22415056589723217, -0.20723618320262532, -0.11587445732190312, -0.1607673394026213, -0.09785656637742099, 0.21263702016953465, -0.010292205297198879, -0.07999361337136918, -0.20561678754647159], [0.14879865111347557, 0.04458953865836347, 0.13347834401668884, 0.10318220184297534, -0.1752244969120934, -0.319636776414617, 0.14009233430243495, 0.17168974261820535, 0.34597221464039907, -0.1985908494618328, 0.2898255327929691, 0.0623179006587655, 0.4025647070606822, 0.04179731261237995, 0.07788997336227108, -0.16942893046514054, -0.015755436795886073, 0.1484936014264471], [-0.07555925986218846, -0.00561554521684513, 0.025320971194217837, 0.009232215758111388, -0.05038385272459217, -0.26833109674648026, 0.08806738987477121, -0.09877148749754165, -0.0950782186724688, -0.06911804788167582, -0.056289473041392084, 0.0877525725182421, 0.01558965898509234, -0.1439320697666148, -0.3320322714399521, -0.05697907777742516, 0.2264968607215116, -0.06106219145688135], [0.3592340777091862, -0.11055351030316828, 0.014614729936811137, 0.06729583491588718, -0.284191241456399, -0.45334996561571833, 0.28522547117989006, 0.35856521556256643, 0.2816022286601195, 0.31290812365472737, 0.0009099905541777274, -0.12898342590813083, -0.02625808773357812, 0.07410167645007472, -0.04910204209421559, -0.17350031921430362, 0.13377735417242623, 0.008368613558505478], [-0.3111061533171723, 0.1074800401349154, 0.11388288706862783, 0.1718659319436932, -0.39666685844041993, -0.2359031069655922, 0.055506528564019914, 0.3802182397676777, 0.3928372490740946, -0.12429531252792887, -0.07350635331893884, 0.3138551274383735, 